region,mean_total,regret_vs_global_best
0,8.474985750270703,3.496253988839177
1,10.050507153751646,5.07177539232012
2,13.365432160412379,8.386700398980853
3,18.242245134158807,13.263513372727282
